<?xml version="1.0" encoding="UTF-8"?>
<project-private xmlns="http://www.netbeans.org/ns/project-private/1">
    <editor-bookmarks xmlns="http://www.netbeans.org/ns/editor-bookmarks/2" lastBookmarkId="0"/>
    <open-files xmlns="http://www.netbeans.org/ns/projectui-open-files/2">
        <group>
            <file>file:/C:/Users/lab_services_student/Desktop/Prog%20poe/ST10051335-PROG5121%20POE/src/st10051335/prog5121/part/pkg1/unittesting.java</file>
            <file>file:/C:/Users/lab_services_student/Desktop/Prog%20poe/ST10051335-PROG5121%20POE/src/st10051335/prog5121/part/pkg1/Transactions.java</file>
            <file>file:/C:/Users/lab_services_student/Desktop/Prog%20poe/ST10051335-PROG5121%20POE/src/st10051335/prog5121/part/pkg1/ST10051335PROG5121Part1.java</file>
            <file>file:/C:/Users/lab_services_student/Desktop/Prog%20poe/ST10051335-PROG5121%20POE/test/st10051335/prog5121/part/pkg1/unittestingTest.java</file>
            <file>file:/C:/Users/lab_services_student/Desktop/Prog%20poe/ST10051335-PROG5121%20POE/test/st10051335/prog5121/part/pkg1/AddTask.java</file>
        </group>
    </open-files>
</project-private>
